{
  "avocat": {
    "precision": 0.5555555555555556,
    "recall": 1.0,
    "f1-score": 0.7142857142857143,
    "support": 10
  },
  "relation": {
    "precision": 1.0,
    "recall": 0.2,
    "f1-score": 0.33333333333333337,
    "support": 5
  },
  "micro avg": {
    "precision": 0.5789473684210527,
    "recall": 0.7333333333333333,
    "f1-score": 0.6470588235294117,
    "support": 15
  },
  "macro avg": {
    "precision": 0.7777777777777778,
    "recall": 0.6,
    "f1-score": 0.5238095238095238,
    "support": 15
  },
  "weighted avg": {
    "precision": 0.7037037037037037,
    "recall": 0.7333333333333333,
    "f1-score": 0.5873015873015873,
    "support": 15
  }
}