{
  "avocat": {
    "precision": 0.6666666666666666,
    "recall": 0.4,
    "f1-score": 0.5,
    "support": 10
  },
  "relation": {
    "precision": 1.0,
    "recall": 0.2,
    "f1-score": 0.33333333333333337,
    "support": 5
  },
  "micro avg": {
    "precision": 0.7142857142857143,
    "recall": 0.3333333333333333,
    "f1-score": 0.4545454545454545,
    "support": 15
  },
  "macro avg": {
    "precision": 0.8333333333333333,
    "recall": 0.30000000000000004,
    "f1-score": 0.4166666666666667,
    "support": 15
  },
  "weighted avg": {
    "precision": 0.7777777777777778,
    "recall": 0.3333333333333333,
    "f1-score": 0.4444444444444445,
    "support": 15
  }
}